-- phpMyAdmin SQL Dump
-- version 5.2.1
-- https://www.phpmyadmin.net/
--
-- Hôte : db
-- Généré le : mar. 18 avr. 2023 à 20:02
-- Version du serveur : 10.11.2-MariaDB-1:10.11.2+maria~ubu2204
-- Version de PHP : 8.1.17

SET SQL_MODE = "NO_AUTO_VALUE_ON_ZERO";
START TRANSACTION;
SET time_zone = "+00:00";

--
-- Déchargement des données de la table `achat_format`
--

INSERT INTO `achat_format` (`id`, `nom`) VALUES
(1, 'Grosse boite'),
(2, 'Moyenne boite'),
(3, 'Petite boite'),
(4, 'Fut'),
(5, 'Bouteille'),
(6, 'Caisse'),
(7, 'Palette'),
(8, 'Sac'),
(9, 'Bidon'),
(10, 'Baril');

--
-- Déchargement des données de la table `achat_fournisseur`
--

INSERT INTO `achat_fournisseur` (`id`, `nom`) VALUES
(1, 'Fournisseur 540'),
(2, 'Fournisseur 976'),
(3, 'Fournisseur 260'),
(4, 'Fournisseur 372'),
(5, 'Fournisseur 79'),
(6, 'Fournisseur 282'),
(7, 'Fournisseur 172'),
(8, 'Fournisseur 13'),
(9, 'Fournisseur 551'),
(10, 'Fournisseur 717'),
(11, 'Fournisseur 931'),
(12, 'Fournisseur 506'),
(13, 'Fournisseur 735'),
(14, 'Fournisseur 160'),
(15, 'Fournisseur 595'),
(16, 'Fournisseur 497'),
(17, 'Fournisseur 697'),
(18, 'Fournisseur 998'),
(19, 'Fournisseur 896'),
(20, 'Fournisseur 489'),
(21, 'Fournisseur 758'),
(22, 'Fournisseur 322'),
(23, 'Fournisseur 335'),
(24, 'Fournisseur 711'),
(25, 'Fournisseur 550');

--
-- Déchargement des données de la table `achat_article`
--

INSERT INTO `achat_article` (`id`, `code`, `intitule`, `format_id`, `fournisseur_id`, `colisage_achat`, `port_embarquement`, `ean_carton`, `nomenclature`, `ean13`, `origine_fournisseur`) VALUES
(1, 579770, 'Article 001', 10, 1, 'Colisage achat_001', "Port d'embarquement_001", 'EAN carton_001', 'Nomenclature_001', 'EAN13_001', 'Origine fournisseur_001'),
(2, 555442, 'Article 002', 7, 3, 'Colisage achat_002', "Port d'embarquement_002", 'EAN carton_002', 'Nomenclature_002', 'EAN13_002', 'Origine fournisseur_002'),
(3, 37901, 'Article 003', 5, 2, 'Colisage achat_003', "Port d'embarquement_003", 'EAN carton_003', 'Nomenclature_003', 'EAN13_003', 'Origine fournisseur_003'),
(4, 523179, 'Article 004', 8, 8, 'Colisage achat_004', "Port d'embarquement_004", 'EAN carton_004', 'Nomenclature_004', 'EAN13_004', 'Origine fournisseur_004'),
(5, 502192, 'Article 005', 6, 10, 'Colisage achat_005', "Port d'embarquement_005", 'EAN carton_005', 'Nomenclature_005', 'EAN13_005', 'Origine fournisseur_005'),
(6, 941425, 'Article 006', 2, 24, 'Colisage achat_006', "Port d'embarquement_006", 'EAN carton_006', 'Nomenclature_006', 'EAN13_006', 'Origine fournisseur_006'),
(7, 200550, 'Article 007', 3, 13, 'Colisage achat_007', "Port d'embarquement_007", 'EAN carton_007', 'Nomenclature_007', 'EAN13_007', 'Origine fournisseur_007'),
(8, 178473, 'Article 008', 2, 3, 'Colisage achat_008', "Port d'embarquement_008", 'EAN carton_008', 'Nomenclature_008', 'EAN13_008', 'Origine fournisseur_008'),
(9, 290716, 'Article 009', 3, 15, 'Colisage achat_009', "Port d'embarquement_009", 'EAN carton_009', 'Nomenclature_009', 'EAN13_009', 'Origine fournisseur_009'),
(10, 918164, 'Article 010', 7, 14, 'Colisage achat_010', "Port d'embarquement_010", 'EAN carton_010', 'Nomenclature_010', 'EAN13_010', 'Origine fournisseur_010'),
(11, 718671, 'Article 011', 8, 21, 'Colisage achat_011', "Port d'embarquement_011", 'EAN carton_011', 'Nomenclature_011', 'EAN13_011', 'Origine fournisseur_011'),
(12, 838862, 'Article 012', 3, 18, 'Colisage achat_012', "Port d'embarquement_012", 'EAN carton_012', 'Nomenclature_012', 'EAN13_012', 'Origine fournisseur_012'),
(13, 38299, 'Article 013', 5, 10, 'Colisage achat_013', "Port d'embarquement_013", 'EAN carton_013', 'Nomenclature_013', 'EAN13_013', 'Origine fournisseur_013'),
(14, 674910, 'Article 014', 3, 12, 'Colisage achat_014', "Port d'embarquement_014", 'EAN carton_014', 'Nomenclature_014', 'EAN13_014', 'Origine fournisseur_014'),
(15, 259652, 'Article 015', 6, 22, 'Colisage achat_015', "Port d'embarquement_015", 'EAN carton_015', 'Nomenclature_015', 'EAN13_015', 'Origine fournisseur_015'),
(16, 273530, 'Article 016', 10, 25, 'Colisage achat_016', "Port d'embarquement_016", 'EAN carton_016', 'Nomenclature_016', 'EAN13_016', 'Origine fournisseur_016'),
(17, 588695, 'Article 017', 10, 25, 'Colisage achat_017', "Port d'embarquement_017", 'EAN carton_017', 'Nomenclature_017', 'EAN13_017', 'Origine fournisseur_017'),
(18, 122886, 'Article 018', 3, 7, 'Colisage achat_018', "Port d'embarquement_018", 'EAN carton_018', 'Nomenclature_018', 'EAN13_018', 'Origine fournisseur_018'),
(19, 848345, 'Article 019', 10, 15, 'Colisage achat_019', "Port d'embarquement_019", 'EAN carton_019', 'Nomenclature_019', 'EAN13_019', 'Origine fournisseur_019'),
(20, 873068, 'Article 020', 3, 3, 'Colisage achat_020', "Port d'embarquement_020", 'EAN carton_020', 'Nomenclature_020', 'EAN13_020', 'Origine fournisseur_020'),
(21, 820304, 'Article 021', 1, 18, 'Colisage achat_021', "Port d'embarquement_021", 'EAN carton_021', 'Nomenclature_021', 'EAN13_021', 'Origine fournisseur_021'),
(22, 482318, 'Article 022', 5, 23, 'Colisage achat_022', "Port d'embarquement_022", 'EAN carton_022', 'Nomenclature_022', 'EAN13_022', 'Origine fournisseur_022'),
(23, 950680, 'Article 023', 2, 14, 'Colisage achat_023', "Port d'embarquement_023", 'EAN carton_023', 'Nomenclature_023', 'EAN13_023', 'Origine fournisseur_023'),
(24, 306447, 'Article 024', 10, 19, 'Colisage achat_024', "Port d'embarquement_024", 'EAN carton_024', 'Nomenclature_024', 'EAN13_024', 'Origine fournisseur_024'),
(25, 680192, 'Article 025', 5, 23, 'Colisage achat_025', "Port d'embarquement_025", 'EAN carton_025', 'Nomenclature_025', 'EAN13_025', 'Origine fournisseur_025'),
(26, 481622, 'Article 026', 8, 21, 'Colisage achat_026', "Port d'embarquement_026", 'EAN carton_026', 'Nomenclature_026', 'EAN13_026', 'Origine fournisseur_026'),
(27, 367534, 'Article 027', 7, 20, 'Colisage achat_027', "Port d'embarquement_027", 'EAN carton_027', 'Nomenclature_027', 'EAN13_027', 'Origine fournisseur_027'),
(28, 392806, 'Article 028', 9, 14, 'Colisage achat_028', "Port d'embarquement_028", 'EAN carton_028', 'Nomenclature_028', 'EAN13_028', 'Origine fournisseur_028'),
(29, 861429, 'Article 029', 9, 2, 'Colisage achat_029', "Port d'embarquement_029", 'EAN carton_029', 'Nomenclature_029', 'EAN13_029', 'Origine fournisseur_029'),
(30, 128728, 'Article 030', 6, 22, 'Colisage achat_030', "Port d'embarquement_030", 'EAN carton_030', 'Nomenclature_030', 'EAN13_030', 'Origine fournisseur_030'),
(31, 59353, 'Article 031', 9, 6, 'Colisage achat_031', "Port d'embarquement_031", 'EAN carton_031', 'Nomenclature_031', 'EAN13_031', 'Origine fournisseur_031'),
(32, 910581, 'Article 032', 5, 20, 'Colisage achat_032', "Port d'embarquement_032", 'EAN carton_032', 'Nomenclature_032', 'EAN13_032', 'Origine fournisseur_032'),
(33, 374846, 'Article 033', 7, 8, 'Colisage achat_033', "Port d'embarquement_033", 'EAN carton_033', 'Nomenclature_033', 'EAN13_033', 'Origine fournisseur_033'),
(34, 142489, 'Article 034', 10, 18, 'Colisage achat_034', "Port d'embarquement_034", 'EAN carton_034', 'Nomenclature_034', 'EAN13_034', 'Origine fournisseur_034'),
(35, 587908, 'Article 035', 1, 1, 'Colisage achat_035', "Port d'embarquement_035", 'EAN carton_035', 'Nomenclature_035', 'EAN13_035', 'Origine fournisseur_035'),
(36, 512074, 'Article 036', 1, 19, 'Colisage achat_036', "Port d'embarquement_036", 'EAN carton_036', 'Nomenclature_036', 'EAN13_036', 'Origine fournisseur_036'),
(37, 796648, 'Article 037', 1, 5, 'Colisage achat_037', "Port d'embarquement_037", 'EAN carton_037', 'Nomenclature_037', 'EAN13_037', 'Origine fournisseur_037'),
(38, 447015, 'Article 038', 8, 6, 'Colisage achat_038', "Port d'embarquement_038", 'EAN carton_038', 'Nomenclature_038', 'EAN13_038', 'Origine fournisseur_038'),
(39, 845135, 'Article 039', 4, 17, 'Colisage achat_039', "Port d'embarquement_039", 'EAN carton_039', 'Nomenclature_039', 'EAN13_039', 'Origine fournisseur_039'),
(40, 884627, 'Article 040', 7, 19, 'Colisage achat_040', "Port d'embarquement_040", 'EAN carton_040', 'Nomenclature_040', 'EAN13_040', 'Origine fournisseur_040'),
(41, 887732, 'Article 041', 10, 21, 'Colisage achat_041', "Port d'embarquement_041", 'EAN carton_041', 'Nomenclature_041', 'EAN13_041', 'Origine fournisseur_041'),
(42, 784780, 'Article 042', 5, 20, 'Colisage achat_042', "Port d'embarquement_042", 'EAN carton_042', 'Nomenclature_042', 'EAN13_042', 'Origine fournisseur_042'),
(43, 260706, 'Article 043', 5, 14, 'Colisage achat_043', "Port d'embarquement_043", 'EAN carton_043', 'Nomenclature_043', 'EAN13_043', 'Origine fournisseur_043'),
(44, 949188, 'Article 044', 6, 12, 'Colisage achat_044', "Port d'embarquement_044", 'EAN carton_044', 'Nomenclature_044', 'EAN13_044', 'Origine fournisseur_044'),
(45, 963822, 'Article 045', 4, 16, 'Colisage achat_045', "Port d'embarquement_045", 'EAN carton_045', 'Nomenclature_045', 'EAN13_045', 'Origine fournisseur_045'),
(46, 971547, 'Article 046', 3, 13, 'Colisage achat_046', "Port d'embarquement_046", 'EAN carton_046', 'Nomenclature_046', 'EAN13_046', 'Origine fournisseur_046'),
(47, 966269, 'Article 047', 10, 7, 'Colisage achat_047', "Port d'embarquement_047", 'EAN carton_047', 'Nomenclature_047', 'EAN13_047', 'Origine fournisseur_047'),
(48, 916706, 'Article 048', 8, 22, 'Colisage achat_048', "Port d'embarquement_048", 'EAN carton_048', 'Nomenclature_048', 'EAN13_048', 'Origine fournisseur_048'),
(49, 684724, 'Article 049', 2, 16, 'Colisage achat_049', "Port d'embarquement_049", 'EAN carton_049', 'Nomenclature_049', 'EAN13_049', 'Origine fournisseur_049'),
(50, 673504, 'Article 050', 5, 22, 'Colisage achat_050', "Port d'embarquement_050", 'EAN carton_050', 'Nomenclature_050', 'EAN13_050', 'Origine fournisseur_050'),
(51, 313346, 'Article 051', 6, 24, 'Colisage achat_051', "Port d'embarquement_051", 'EAN carton_051', 'Nomenclature_051', 'EAN13_051', 'Origine fournisseur_051'),
(52, 546219, 'Article 052', 10, 22, 'Colisage achat_052', "Port d'embarquement_052", 'EAN carton_052', 'Nomenclature_052', 'EAN13_052', 'Origine fournisseur_052'),
(53, 791060, 'Article 053', 4, 4, 'Colisage achat_053', "Port d'embarquement_053", 'EAN carton_053', 'Nomenclature_053', 'EAN13_053', 'Origine fournisseur_053'),
(54, 316640, 'Article 054', 7, 19, 'Colisage achat_054', "Port d'embarquement_054", 'EAN carton_054', 'Nomenclature_054', 'EAN13_054', 'Origine fournisseur_054'),
(55, 210023, 'Article 055', 6, 21, 'Colisage achat_055', "Port d'embarquement_055", 'EAN carton_055', 'Nomenclature_055', 'EAN13_055', 'Origine fournisseur_055'),
(56, 100196, 'Article 056', 4, 13, 'Colisage achat_056', "Port d'embarquement_056", 'EAN carton_056', 'Nomenclature_056', 'EAN13_056', 'Origine fournisseur_056'),
(57, 870911, 'Article 057', 8, 21, 'Colisage achat_057', "Port d'embarquement_057", 'EAN carton_057', 'Nomenclature_057', 'EAN13_057', 'Origine fournisseur_057'),
(58, 53969, 'Article 058', 9, 16, 'Colisage achat_058', "Port d'embarquement_058", 'EAN carton_058', 'Nomenclature_058', 'EAN13_058', 'Origine fournisseur_058'),
(59, 657111, 'Article 059', 5, 24, 'Colisage achat_059', "Port d'embarquement_059", 'EAN carton_059', 'Nomenclature_059', 'EAN13_059', 'Origine fournisseur_059'),
(60, 123647, 'Article 060', 1, 15, 'Colisage achat_060', "Port d'embarquement_060", 'EAN carton_060', 'Nomenclature_060', 'EAN13_060', 'Origine fournisseur_060'),
(61, 646905, 'Article 061', 9, 5, 'Colisage achat_061', "Port d'embarquement_061", 'EAN carton_061', 'Nomenclature_061', 'EAN13_061', 'Origine fournisseur_061'),
(62, 863582, 'Article 062', 4, 23, 'Colisage achat_062', "Port d'embarquement_062", 'EAN carton_062', 'Nomenclature_062', 'EAN13_062', 'Origine fournisseur_062'),
(63, 377197, 'Article 063', 2, 18, 'Colisage achat_063', "Port d'embarquement_063", 'EAN carton_063', 'Nomenclature_063', 'EAN13_063', 'Origine fournisseur_063'),
(64, 295237, 'Article 064', 3, 25, 'Colisage achat_064', "Port d'embarquement_064", 'EAN carton_064', 'Nomenclature_064', 'EAN13_064', 'Origine fournisseur_064'),
(65, 344597, 'Article 065', 4, 18, 'Colisage achat_065', "Port d'embarquement_065", 'EAN carton_065', 'Nomenclature_065', 'EAN13_065', 'Origine fournisseur_065'),
(66, 837275, 'Article 066', 5, 12, 'Colisage achat_066', "Port d'embarquement_066", 'EAN carton_066', 'Nomenclature_066', 'EAN13_066', 'Origine fournisseur_066'),
(67, 152585, 'Article 067', 10, 23, 'Colisage achat_067', "Port d'embarquement_067", 'EAN carton_067', 'Nomenclature_067', 'EAN13_067', 'Origine fournisseur_067'),
(68, 251101, 'Article 068', 10, 4, 'Colisage achat_068', "Port d'embarquement_068", 'EAN carton_068', 'Nomenclature_068', 'EAN13_068', 'Origine fournisseur_068'),
(69, 797751, 'Article 069', 2, 20, 'Colisage achat_069', "Port d'embarquement_069", 'EAN carton_069', 'Nomenclature_069', 'EAN13_069', 'Origine fournisseur_069'),
(70, 235453, 'Article 070', 2, 5, 'Colisage achat_070', "Port d'embarquement_070", 'EAN carton_070', 'Nomenclature_070', 'EAN13_070', 'Origine fournisseur_070'),
(71, 784012, 'Article 071', 7, 18, 'Colisage achat_071', "Port d'embarquement_071", 'EAN carton_071', 'Nomenclature_071', 'EAN13_071', 'Origine fournisseur_071'),
(72, 213703, 'Article 072', 3, 7, 'Colisage achat_072', "Port d'embarquement_072", 'EAN carton_072', 'Nomenclature_072', 'EAN13_072', 'Origine fournisseur_072'),
(73, 716477, 'Article 073', 10, 8, 'Colisage achat_073', "Port d'embarquement_073", 'EAN carton_073', 'Nomenclature_073', 'EAN13_073', 'Origine fournisseur_073'),
(74, 941275, 'Article 074', 3, 4, 'Colisage achat_074', "Port d'embarquement_074", 'EAN carton_074', 'Nomenclature_074', 'EAN13_074', 'Origine fournisseur_074'),
(75, 556948, 'Article 075', 2, 20, 'Colisage achat_075', "Port d'embarquement_075", 'EAN carton_075', 'Nomenclature_075', 'EAN13_075', 'Origine fournisseur_075'),
(76, 960913, 'Article 076', 10, 1, 'Colisage achat_076', "Port d'embarquement_076", 'EAN carton_076', 'Nomenclature_076', 'EAN13_076', 'Origine fournisseur_076'),
(77, 133721, 'Article 077', 4, 14, 'Colisage achat_077', "Port d'embarquement_077", 'EAN carton_077', 'Nomenclature_077', 'EAN13_077', 'Origine fournisseur_077'),
(78, 785866, 'Article 078', 9, 13, 'Colisage achat_078', "Port d'embarquement_078", 'EAN carton_078', 'Nomenclature_078', 'EAN13_078', 'Origine fournisseur_078'),
(79, 528169, 'Article 079', 7, 17, 'Colisage achat_079', "Port d'embarquement_079", 'EAN carton_079', 'Nomenclature_079', 'EAN13_079', 'Origine fournisseur_079'),
(80, 283246, 'Article 080', 9, 25, 'Colisage achat_080', "Port d'embarquement_080", 'EAN carton_080', 'Nomenclature_080', 'EAN13_080', 'Origine fournisseur_080'),
(81, 831725, 'Article 081', 2, 24, 'Colisage achat_081', "Port d'embarquement_081", 'EAN carton_081', 'Nomenclature_081', 'EAN13_081', 'Origine fournisseur_081'),
(82, 308888, 'Article 082', 5, 11, 'Colisage achat_082', "Port d'embarquement_082", 'EAN carton_082', 'Nomenclature_082', 'EAN13_082', 'Origine fournisseur_082'),
(83, 49264, 'Article 083', 1, 20, 'Colisage achat_083', "Port d'embarquement_083", 'EAN carton_083', 'Nomenclature_083', 'EAN13_083', 'Origine fournisseur_083'),
(84, 319657, 'Article 084', 10, 11, 'Colisage achat_084', "Port d'embarquement_084", 'EAN carton_084', 'Nomenclature_084', 'EAN13_084', 'Origine fournisseur_084'),
(85, 450495, 'Article 085', 1, 6, 'Colisage achat_085', "Port d'embarquement_085", 'EAN carton_085', 'Nomenclature_085', 'EAN13_085', 'Origine fournisseur_085'),
(86, 293502, 'Article 086', 2, 9, 'Colisage achat_086', "Port d'embarquement_086", 'EAN carton_086', 'Nomenclature_086', 'EAN13_086', 'Origine fournisseur_086'),
(87, 116028, 'Article 087', 8, 21, 'Colisage achat_087', "Port d'embarquement_087", 'EAN carton_087', 'Nomenclature_087', 'EAN13_087', 'Origine fournisseur_087'),
(88, 699634, 'Article 088', 3, 12, 'Colisage achat_088', "Port d'embarquement_088", 'EAN carton_088', 'Nomenclature_088', 'EAN13_088', 'Origine fournisseur_088'),
(89, 150086, 'Article 089', 2, 5, 'Colisage achat_089', "Port d'embarquement_089", 'EAN carton_089', 'Nomenclature_089', 'EAN13_089', 'Origine fournisseur_089'),
(90, 651530, 'Article 090', 8, 14, 'Colisage achat_090', "Port d'embarquement_090", 'EAN carton_090', 'Nomenclature_090', 'EAN13_090', 'Origine fournisseur_090'),
(91, 807391, 'Article 091', 7, 16, 'Colisage achat_091', "Port d'embarquement_091", 'EAN carton_091', 'Nomenclature_091', 'EAN13_091', 'Origine fournisseur_091'),
(92, 82365, 'Article 092', 3, 7, 'Colisage achat_092', "Port d'embarquement_092", 'EAN carton_092', 'Nomenclature_092', 'EAN13_092', 'Origine fournisseur_092'),
(93, 989654, 'Article 093', 3, 4, 'Colisage achat_093', "Port d'embarquement_093", 'EAN carton_093', 'Nomenclature_093', 'EAN13_093', 'Origine fournisseur_093'),
(94, 701177, 'Article 094', 7, 20, 'Colisage achat_094', "Port d'embarquement_094", 'EAN carton_094', 'Nomenclature_094', 'EAN13_094', 'Origine fournisseur_094'),
(95, 536921, 'Article 095', 2, 14, 'Colisage achat_095', "Port d'embarquement_095", 'EAN carton_095', 'Nomenclature_095', 'EAN13_095', 'Origine fournisseur_095'),
(96, 581076, 'Article 096', 9, 3, 'Colisage achat_096', "Port d'embarquement_096", 'EAN carton_096', 'Nomenclature_096', 'EAN13_096', 'Origine fournisseur_096'),
(97, 294618, 'Article 097', 5, 15, 'Colisage achat_097', "Port d'embarquement_097", 'EAN carton_097', 'Nomenclature_097', 'EAN13_097', 'Origine fournisseur_097'),
(98, 729861, 'Article 098', 4, 23, 'Colisage achat_098', "Port d'embarquement_098", 'EAN carton_098', 'Nomenclature_098', 'EAN13_098', 'Origine fournisseur_098'),
(99, 765452, 'Article 099', 5, 19, 'Colisage achat_099', "Port d'embarquement_099", 'EAN carton_099', 'Nomenclature_099', 'EAN13_099', 'Origine fournisseur_099'),
(100, 637679, 'Article 100', 7, 18, 'Colisage achat_100', "Port d'embarquement_100", 'EAN carton_100', 'Nomenclature_100', 'EAN13_100', 'Origine fournisseur_100');

--
-- Déchargement des données de la table `achat_format_fournisseurs`
--

INSERT INTO `achat_format_fournisseurs` (`id`, `format_id`, `fournisseur_id`) VALUES
(173, 1, 3),
(127, 1, 4),
(90, 1, 5),
(34, 1, 6),
(57, 1, 10),
(79, 1, 11),
(41, 1, 12),
(35, 1, 14),
(164, 1, 15),
(129, 1, 16),
(37, 1, 17),
(22, 1, 18),
(113, 1, 19),
(161, 1, 21),
(27, 1, 22),
(45, 1, 23),
(122, 1, 24),
(159, 2, 1),
(166, 2, 3),
(95, 2, 4),
(30, 2, 5),
(77, 2, 7),
(154, 2, 8),
(153, 2, 9),
(18, 2, 11),
(101, 2, 12),
(104, 2, 13),
(52, 2, 14),
(106, 2, 16),
(72, 2, 20),
(163, 2, 22),
(117, 2, 24),
(28, 2, 25),
(136, 3, 1),
(24, 3, 2),
(108, 3, 3),
(69, 3, 5),
(93, 3, 7),
(169, 3, 8),
(171, 3, 10),
(118, 3, 12),
(65, 3, 13),
(70, 3, 14),
(31, 3, 15),
(92, 3, 16),
(62, 3, 17),
(49, 3, 18),
(48, 3, 20),
(103, 3, 21),
(96, 3, 22),
(33, 3, 24),
(116, 3, 25),
(51, 4, 1),
(32, 4, 2),
(46, 4, 3),
(112, 4, 6),
(143, 4, 8),
(148, 4, 9),
(17, 4, 11),
(23, 4, 12),
(145, 4, 13),
(38, 4, 15),
(174, 4, 16),
(175, 4, 17),
(25, 4, 21),
(144, 4, 22),
(110, 4, 25),
(44, 5, 2),
(156, 5, 3),
(47, 5, 4),
(114, 5, 5),
(82, 5, 7),
(71, 5, 8),
(53, 5, 10),
(63, 5, 12),
(29, 5, 13),
(109, 5, 14),
(150, 5, 16),
(97, 5, 17),
(115, 5, 18),
(81, 5, 19),
(157, 5, 20),
(131, 5, 21),
(75, 5, 22),
(138, 5, 24),
(59, 6, 1),
(36, 6, 4),
(119, 6, 7),
(135, 6, 9),
(168, 6, 10),
(167, 6, 11),
(125, 6, 12),
(73, 6, 14),
(128, 6, 15),
(139, 6, 17),
(20, 6, 18),
(121, 6, 19),
(152, 6, 20),
(55, 6, 23),
(158, 6, 24),
(107, 6, 25),
(160, 7, 1),
(16, 7, 2),
(134, 7, 3),
(14, 7, 5),
(165, 7, 7),
(87, 7, 8),
(54, 7, 9),
(149, 7, 11),
(94, 7, 13),
(88, 7, 14),
(123, 7, 15),
(85, 7, 17),
(89, 7, 18),
(11, 7, 20),
(137, 7, 22),
(83, 8, 1),
(100, 8, 2),
(132, 8, 3),
(66, 8, 6),
(170, 8, 8),
(19, 8, 9),
(155, 8, 10),
(146, 8, 11),
(58, 8, 14),
(86, 8, 15),
(40, 8, 17),
(80, 8, 19),
(133, 8, 20),
(60, 8, 21),
(120, 8, 22),
(21, 8, 23),
(140, 8, 24),
(162, 8, 25),
(76, 9, 4),
(50, 9, 5),
(147, 9, 6),
(56, 9, 8),
(124, 9, 11),
(67, 9, 12),
(151, 9, 13),
(61, 9, 14),
(39, 9, 17),
(172, 9, 18),
(126, 9, 19),
(74, 9, 21),
(99, 9, 22),
(68, 9, 25),
(43, 10, 2),
(15, 10, 3),
(98, 10, 4),
(26, 10, 5),
(102, 10, 6),
(64, 10, 7),
(12, 10, 9),
(105, 10, 11),
(84, 10, 12),
(42, 10, 15),
(91, 10, 16),
(13, 10, 18),
(142, 10, 21),
(111, 10, 22),
(130, 10, 23),
(141, 10, 24),
(78, 10, 25);

--
-- Déchargement des données de la table `auth_user`
--

INSERT INTO `auth_user` (`id`, `password`, `last_login`, `is_superuser`, `username`, `first_name`, `last_name`, `email`, `is_staff`, `is_active`, `date_joined`) VALUES
(2, 'pbkdf2_sha256$600000$TRUuDxV1v7NIL4yWt5Vcjs$vWJ7dlJhVZL/3sYXYwYlXhkQD3MBwaCLz4rmi1A6puE=', '2023-04-07 21:53:51.620471', 0, 'test', '', '', '', 0, 1, '2023-04-06 19:59:26.827666');
